{"cameraMode":{"drawMode":0,"name":"Shaded","section":"Shading Mode"},"sceneLighting":true,"audioPlay":false,"sceneViewState":{"m_AlwaysRefresh":false,"showFog":true,"showSkybox":true,"showFlares":true,"showImageEffects":true,"showParticleSystems":true,"showVisualEffectGraphs":true,"m_FxEnabled":true},"in2DMode":false,"pivot":{"x":0.8040840029716492,"y":4.085207462310791,"z":-19.236583709716798},"rotation":{"x":-0.04060981050133705,"y":-0.1635204702615738,"z":-0.006736013572663069,"w":0.9856863021850586},"size":0.7562030553817749,"orthographic":false}