{"cameraMode":{"drawMode":0,"name":"Shaded","section":"Shading Mode"},"sceneLighting":true,"audioPlay":false,"sceneViewState":{"m_AlwaysRefresh":false,"showFog":true,"showSkybox":true,"showFlares":true,"showImageEffects":true,"showParticleSystems":true,"showVisualEffectGraphs":true,"m_FxEnabled":true},"in2DMode":false,"pivot":{"x":-6.500950813293457,"y":7.925080299377441,"z":23.28514289855957},"rotation":{"x":0.02014346979558468,"y":0.22802427411079408,"z":0.004719248041510582,"w":-0.9734405279159546},"size":10.06678581237793,"orthographic":false}